{
  "situation": {
    "OpenPlay": {
      "shots": 524,
      "goals": 70,
      "xG": 69.09655655920506,
      "against": {
        "shots": 226,
        "goals": 28,
        "xG": 30.98577085044235
      }
    },
    "FromCorner": {
      "shots": 112,
      "goals": 11,
      "xG": 9.716350342147052,
      "against": {
        "shots": 55,
        "goals": 3,
        "xG": 4.469891484826803
      }
    },
    "SetPiece": {
      "shots": 26,
      "goals": 3,
      "xG": 4.233967525884509,
      "against": {
        "shots": 4,
        "goals": 0,
        "xG": 0.6765104718506336
      }
    },
    "DirectFreekick": {
      "shots": 25,
      "goals": 3,
      "xG": 1.625283632427454,
      "against": {
        "shots": 6,
        "goals": 0,
        "xG": 0.40068424493074417
      }
    },
    "Penalty": {
      "shots": 10,
      "goals": 9,
      "xG": 7.6116883754730225,
      "against": {
        "shots": 3,
        "goals": 3,
        "xG": 2.2835065126419067
      }
    }
  },
  "formation": {
    "4-2-3-1": {
      "stat": "4-2-3-1",
      "time": 1827,
      "shots": 383,
      "goals": 55,
      "xG": 55.04588226042688,
      "against": {
        "shots": 117,
        "goals": 15,
        "xG": 18.33274259697646
      }
    },
    "3-2-4-1": {
      "stat": "3-2-4-1",
      "time": 860,
      "shots": 132,
      "goals": 19,
      "xG": 19.129989689216018,
      "against": {
        "shots": 101,
        "goals": 14,
        "xG": 12.768654844723642
      }
    },
    "4-1-4-1": {
      "stat": "4-1-4-1",
      "time": 703,
      "shots": 151,
      "goals": 16,
      "xG": 14.012804449535906,
      "against": {
        "shots": 54,
        "goals": 3,
        "xG": 6.477635715156794
      }
    },
    "4-3-3": {
      "stat": "4-3-3",
      "time": 103,
      "shots": 7,
      "goals": 0,
      "xG": 1.0284068640321493,
      "against": {
        "shots": 12,
        "goals": 1,
        "xG": 0.38760330993682146
      }
    },
    "3-4-2-1": {
      "stat": "3-4-2-1",
      "time": 97,
      "shots": 21,
      "goals": 6,
      "xG": 2.399493223056197,
      "against": {
        "shots": 5,
        "goals": 1,
        "xG": 0.6431273929774761
      }
    },
    "5-3-2": {
      "stat": "5-3-2",
      "time": 35,
      "shots": 1,
      "goals": 0,
      "xG": 0.5678633451461792,
      "against": {
        "shots": 5,
        "goals": 0,
        "xG": 0.20659970492124557
      }
    },
    "3-4-3": {
      "stat": "3-4-3",
      "time": 13,
      "shots": 2,
      "goals": 0,
      "xG": 0.09940660372376442,
      "against": {
        "shots": 0,
        "goals": 0,
        "xG": 0
      }
    }
  },
  "gameState": {
    "Goal diff 0": {
      "stat": "Goal diff 0",
      "time": 1587,
      "shots": 280,
      "goals": 40,
      "xG": 38.80269876122475,
      "against": {
        "shots": 112,
        "goals": 14,
        "xG": 13.113660977222025
      }
    },
    "Goal diff +1": {
      "stat": "Goal diff +1",
      "time": 932,
      "shots": 171,
      "goals": 24,
      "xG": 22.050016996450722,
      "against": {
        "shots": 100,
        "goals": 12,
        "xG": 14.001962112262845
      }
    },
    "Goal diff > +1": {
      "stat": "Goal diff > +1",
      "time": 814,
      "shots": 141,
      "goals": 21,
      "xG": 21.67841996718198,
      "against": {
        "shots": 58,
        "goals": 8,
        "xG": 8.481990901753306
      }
    },
    "Goal diff -1": {
      "stat": "Goal diff -1",
      "time": 305,
      "shots": 105,
      "goals": 11,
      "xG": 9.752710710279644,
      "against": {
        "shots": 24,
        "goals": 0,
        "xG": 3.218749573454261
      }
    }
  },
  "timing": {
    "1-15": {
      "stat": "1-15",
      "shots": 118,
      "goals": 13,
      "xG": 16.686308339238167,
      "against": {
        "shots": 36,
        "goals": 4,
        "xG": 3.7984679751098156
      }
    },
    "16-30": {
      "stat": "16-30",
      "shots": 121,
      "goals": 16,
      "xG": 15.248775919899344,
      "against": {
        "shots": 35,
        "goals": 4,
        "xG": 3.960975314490497
      }
    },
    "31-45": {
      "stat": "31-45",
      "shots": 112,
      "goals": 10,
      "xG": 10.721984829753637,
      "against": {
        "shots": 53,
        "goals": 7,
        "xG": 6.700721511617303
      }
    },
    "46-60": {
      "stat": "46-60",
      "shots": 139,
      "goals": 17,
      "xG": 17.77011044509709,
      "against": {
        "shots": 56,
        "goals": 3,
        "xG": 8.191475629806519
      }
    },
    "61-75": {
      "stat": "61-75",
      "shots": 93,
      "goals": 21,
      "xG": 13.666763542219996,
      "against": {
        "shots": 56,
        "goals": 7,
        "xG": 7.850206196308136
      }
    },
    "76+": {
      "stat": "76+",
      "shots": 114,
      "goals": 19,
      "xG": 18.18990335892886,
      "against": {
        "shots": 58,
        "goals": 9,
        "xG": 8.314516937360168
      }
    }
  },
  "shotZone": {
    "ownGoals": {
      "stat": "ownGoals",
      "shots": 2,
      "goals": 2,
      "xG": 2,
      "against": {
        "shots": 1,
        "goals": 1,
        "xG": 1
      }
    },
    "shotOboxTotal": {
      "stat": "shotOboxTotal",
      "shots": 236,
      "goals": 15,
      "xG": 8.964106966741383,
      "against": {
        "shots": 89,
        "goals": 4,
        "xG": 3.4142097551375628
      }
    },
    "shotPenaltyArea": {
      "stat": "shotPenaltyArea",
      "shots": 400,
      "goals": 61,
      "xG": 60.048352397978306,
      "against": {
        "shots": 174,
        "goals": 21,
        "xG": 23.14933431800455
      }
    },
    "shotSixYardBox": {
      "stat": "shotSixYardBox",
      "shots": 59,
      "goals": 18,
      "xG": 21.271387070417404,
      "against": {
        "shots": 30,
        "goals": 8,
        "xG": 11.252819491550326
      }
    }
  },
  "attackSpeed": {
    "Normal": {
      "stat": "Normal",
      "shots": 381,
      "goals": 50,
      "xG": 51.986196817830205,
      "against": {
        "shots": 187,
        "goals": 20,
        "xG": 23.754874562844634
      }
    },
    "Standard": {
      "stat": "Standard",
      "shots": 173,
      "goals": 26,
      "xG": 23.187289875932038,
      "against": {
        "shots": 68,
        "goals": 6,
        "xG": 7.830592714250088
      }
    },
    "Slow": {
      "stat": "Slow",
      "shots": 124,
      "goals": 17,
      "xG": 13.796379106119275,
      "against": {
        "shots": 20,
        "goals": 3,
        "xG": 3.1405710140243173
      }
    },
    "Fast": {
      "stat": "Fast",
      "shots": 19,
      "goals": 3,
      "xG": 3.313980635255575,
      "against": {
        "shots": 19,
        "goals": 5,
        "xG": 4.090325273573399
      }
    }
  },
  "result": {
    "BlockedShot": {
      "shots": 215,
      "goals": 0,
      "xG": 15.505973842926323,
      "against": {
        "shots": 80,
        "goals": 0,
        "xG": 5.132558176293969
      }
    },
    "MissedShots": {
      "shots": 199,
      "goals": 0,
      "xG": 19.588708768598735,
      "against": {
        "shots": 99,
        "goals": 0,
        "xG": 9.789287661202252
      }
    },
    "Goal": {
      "shots": 96,
      "goals": 96,
      "xG": 32.64255510084331,
      "against": {
        "shots": 34,
        "goals": 34,
        "xG": 13.364709682762623
      }
    },
    "SavedShot": {
      "shots": 179,
      "goals": 0,
      "xG": 22.698932140134275,
      "against": {
        "shots": 76,
        "goals": 0,
        "xG": 9.631091147661209
      }
    },
    "ShotOnPost": {
      "shots": 8,
      "goals": 0,
      "xG": 1.847676582634449,
      "against": {
        "shots": 5,
        "goals": 0,
        "xG": 0.8987168967723846
      }
    }
  }
}